congress,chamber,icpsr,state_icpsr,district_code,state_abbrev,party_code,occupancy,last_means,bioname,bioguide_id,born,died,nominate_dim1,nominate_dim2,nominate_log_likelihood,nominate_geo_mean_probability,nominate_number_of_votes,nominate_number_of_errors,conditional,nokken_poole_dim1,nokken_poole_dim2
114,House,20301,41,3,AL,200,0,1,"ROGERS, Mike Dennis",R000575,1958,,0.338,0.446,-137.14192,0.88268,1099,60,,0.389,0.33
114,House,21102,41,7,AL,100,0,1,"SEWELL, Terri",S001185,1965,,-0.39,0.404,-178.69908,0.84513,1062,87,,-0.398,0.437
114,House,21192,41,2,AL,200,0,1,"ROBY, Martha",R000591,1976,,0.367,0.659,-91.44383,0.91988,1095,33,,0.398,0.707
114,House,21193,41,5,AL,200,0,1,"BROOKS, Mo",B001274,1954,,0.603,-0.43,-269.60319,0.78573,1118,107,,0.919,-0.395
114,House,21376,41,1,AL,200,0,1,"BYRNE, Bradley",B001289,1955,,0.543,0.304,-111.01397,0.90384,1098,46,,0.518,0.253
114,House,21500,41,6,AL,200,0,1,"PALMER, Gary James",P000609,1954,,0.778,-0.092,-101.52759,0.91334,1120,39,,0.782,-0.16
114,House,29701,41,4,AL,200,0,1,"ADERHOLT, Robert",A000055,1965,,0.361,0.587,-103.2592,0.91125,1111,42,,0.399,0.917
114,House,14066,81,1,AK,200,0,1,"YOUNG, Donald Edwin",Y000033,1933,,0.279,0.014,-173.45501,0.84759,1049,73,,0.291,0.205
114,House,20304,61,8,AZ,200,0,1,"FRANKS, Trent",F000448,1957,,0.749,0.087,-125.06434,0.89197,1094,45,,0.694,-0.044
114,House,20305,61,3,AZ,100,0,1,"GRIJALVA, Raúl M.",G000551,1948,,-0.599,-0.243,-91.99892,0.91619,1051,35,,-0.765,-0.442
114,House,20902,61,1,AZ,100,0,1,"KIRKPATRICK, Ann",K000368,1950,,-0.161,0.005,-261.64714,0.776,1033,121,,-0.25,0.173
114,House,21103,61,4,AZ,200,0,1,"GOSAR, Paul",G000565,1958,,0.623,-0.347,-169.08126,0.85545,1083,68,,0.762,-0.519
114,House,21105,61,6,AZ,200,0,1,"SCHWEIKERT, David",S001183,1962,,0.632,-0.324,-131.06389,0.88947,1119,57,,0.629,-0.393
114,House,21300,61,9,AZ,100,0,1,"SINEMA, Kyrsten",S001191,1976,,-0.107,0.057,-404.35886,0.68936,1087,179,,-0.11,0.135
114,House,21501,61,2,AZ,200,0,1,"McSALLY, Martha",M001197,1966,,0.344,-0.001,-198.60601,0.83817,1125,93,,0.321,0.006
114,House,21502,61,7,AZ,100,0,1,"GALLEGO, Ruben",G000574,1979,,-0.455,-0.018,-79.34762,0.93101,1110,26,,-0.483,-0.013
114,House,29500,61,5,AZ,200,0,1,"SALMON, Matthew James",S000018,1958,,0.673,-0.272,-162.72287,0.862,1092,62,,0.637,-0.32
114,House,21106,42,1,AR,200,0,1,"CRAWFORD, Rick",C001087,1966,,0.381,0.469,-100.57739,0.91131,1083,39,,0.432,0.364
114,House,21108,42,3,AR,200,0,1,"WOMACK, Steve",W000809,1957,,0.347,0.567,-66.25034,0.94281,1125,20,,0.346,0.838
114,House,21503,42,2,AR,200,0,1,"HILL, French",H001072,1956,,0.474,0.184,-114.84995,0.90262,1121,48,,0.466,0.177
114,House,21563,42,4,AR,200,0,1,"WESTERMAN, Bruce Eugene",W000821,1967,,0.547,0.315,-78.5897,0.93235,1122,31,,0.526,0.423
114,House,15448,71,12,CA,100,0,1,"PELOSI, Nancy",P000197,1940,,-0.49,-0.206,-64.16598,0.94005,1038,23,,-0.499,-0.001
114,House,15621,71,48,CA,200,0,1,"ROHRABACHER, Dana",R000409,1947,,0.627,-0.419,-166.2,0.86001,1102,74,,0.612,-0.501
114,House,20103,71,17,CA,100,0,1,"HONDA, Mike",H001034,1941,,-0.529,-0.482,-57.09059,0.95,1113,27,,-0.528,-0.6
114,House,20104,71,28,CA,100,0,1,"SCHIFF, Adam",S001150,1960,,-0.348,-0.131,-84.11897,0.92746,1117,29,,-0.409,-0.052
114,House,20107,71,49,CA,200,0,1,"ISSA, Darrell",I000056,1953,,0.506,-0.087,-139.7482,0.87925,1086,60,,0.501,-0.115
114,House,20108,71,53,CA,100,0,1,"DAVIS, Susan A.",D000598,1944,,-0.343,-0.106,-96.37177,0.91741,1118,33,,-0.384,0.071
114,House,20307,71,22,CA,200,0,1,"NUNES, Devin",N000181,1973,,0.447,0.198,-106.47112,0.90955,1123,45,,0.335,0.626
114,House,20310,71,38,CA,100,0,1,"SÁNCHEZ, Linda T.",S001156,1969,,-0.508,-0.142,-61.66846,0.94562,1103,29,,-0.507,-0.115
114,House,20501,71,16,CA,100,0,1,"COSTA, Jim",C001059,1952,,-0.188,0.468,-416.04223,0.68102,1083,217,,-0.149,0.348
114,House,20538,71,6,CA,100,0,1,"MATSUI, Doris",M001163,1944,,-0.435,-0.175,-69.52845,0.9396,1116,27,,-0.433,-0.099
114,House,20702,71,9,CA,100,0,1,"McNERNEY, Jerry",M001166,1951,,-0.26,-0.145,-136.28302,0.88387,1104,44,,-0.346,-0.114
114,House,20703,71,23,CA,200,0,1,"MCCARTHY, Kevin",M001165,1965,,0.462,0.198,-84.91949,0.92641,1111,42,,0.475,0.363
114,House,20762,71,14,CA,100,0,1,"SPEIER, Karen Lorraine Jacqueline (Jackie)",S001175,1950,,-0.383,-0.459,-90.34186,0.91649,1036,45,,-0.405,-0.311
114,House,20903,71,4,CA,200,0,1,"McCLINTOCK, Tom",M001177,1956,,0.752,-0.522,-125.61723,0.89399,1121,51,,0.711,-0.481
114,House,20955,71,27,CA,100,0,1,"CHU, Judy",C001080,1953,,-0.49,-0.375,-51.74034,0.95284,1071,22,,-0.501,-0.342
114,House,20958,71,3,CA,100,0,1,"GARAMENDI, John",G000559,1945,,-0.309,-0.096,-162.78748,0.86032,1082,59,,-0.289,-0.017
114,House,20963,71,50,CA,200,0,1,"HUNTER, Duncan Duane",H001048,1976,,0.512,0.141,-131.57412,0.88869,1115,60,,0.496,0.133
114,House,21109,71,10,CA,200,0,1,"DENHAM, Jeff",D000612,1967,,0.306,0.211,-166.02989,0.86188,1117,76,,0.26,0.182
114,House,21110,71,37,CA,100,0,1,"BASS, Karen",B001270,1953,,-0.586,-0.096,-90.97746,0.91507,1025,43,,-0.61,-0.057
114,House,21195,71,44,CA,100,0,1,"HAHN, Janice",H001063,1952,,-0.39,-0.376,-83.71876,0.926,1089,38,,-0.342,-0.364
114,House,21302,71,1,CA,200,0,1,"LaMALFA, Doug",L000578,1960,,0.55,0.096,-108.95671,0.90594,1103,37,,0.556,0.025
114,House,21303,71,2,CA,100,0,1,"HUFFMAN, Jared",H001068,1964,,-0.427,-0.529,-83.34267,0.92748,1107,41,,-0.442,-0.474
114,House,21304,71,7,CA,100,0,1,"BERA, Ami",B001287,1965,,-0.228,0.005,-170.7256,0.85732,1109,77,,-0.248,0.031
114,House,21305,71,8,CA,200,0,1,"COOK, Paul",C001094,1943,,0.39,0.173,-112.06466,0.90356,1105,42,,0.39,0.266
114,House,21306,71,15,CA,100,0,1,"SWALWELL, Eric",S001193,1980,,-0.364,-0.118,-93.19031,0.91755,1083,45,,-0.36,-0.139
114,House,21307,71,21,CA,200,0,1,"VALADAO, David G.",V000129,1977,,0.254,0.413,-112.02021,0.90498,1122,52,,0.256,0.347
114,House,21308,71,26,CA,100,0,1,"BROWNLEY, Julia",B001285,1952,,-0.283,0.048,-151.43394,0.87343,1119,77,,-0.276,0.05
114,House,21309,71,29,CA,100,0,1,"CÁRDENAS, Tony",C001097,1963,,-0.379,0.022,-111.45113,0.89791,1035,44,,-0.361,-0.095
114,House,21311,71,36,CA,100,0,1,"RUIZ, Raul",R000599,1972,,-0.238,0.061,-168.25919,0.85573,1080,60,,-0.289,0.136
114,House,21312,71,41,CA,100,0,1,"TAKANO, Mark",T000472,1960,,-0.466,-0.255,-87.09369,0.9255,1125,36,,-0.495,-0.271
114,House,21313,71,47,CA,100,0,1,"LOWENTHAL, Alan",L000579,1941,,-0.45,-0.357,-73.68425,0.93627,1119,26,,-0.397,-0.41
114,House,21314,71,51,CA,100,0,1,"VARGAS, Juan",V000130,1961,,-0.396,0.122,-132.29911,0.8883,1117,61,,-0.352,0.014
114,House,21315,71,52,CA,100,0,1,"PETERS, Scott",P000608,1958,,-0.176,-0.061,-236.13395,0.80806,1108,110,,-0.199,0.009
114,House,21504,71,11,CA,100,0,1,"DESAULNIER, Mark James",D000623,1952,,-0.534,-0.344,-66.70181,0.94178,1112,31,,-0.491,-0.269
114,House,21505,71,25,CA,200,0,1,"KNIGHT, Steve",K000387,1966,,0.397,0.185,-118.94919,0.89855,1112,50,,0.446,0.118
114,House,21506,71,31,CA,100,0,1,"AGUILAR, Peter Rey",A000371,1979,,-0.284,0.129,-167.33695,0.85768,1090,79,,-0.266,0.124
114,House,21507,71,33,CA,100,0,1,"LIEU, Ted",L000582,1969,,-0.36,-0.253,-102.09008,0.9052,1025,41,,-0.324,-0.494
114,House,21508,71,35,CA,100,0,1,"TORRES, Norma Judith",T000474,1965,,-0.357,0.028,-106.10079,0.909,1112,47,,-0.368,0.042
114,House,21509,71,45,CA,200,0,1,"WALTERS, Mimi",W000820,1962,,0.433,0.177,-109.91487,0.90391,1088,42,,0.39,0.238
114,House,29106,71,43,CA,100,0,1,"WATERS, Maxine",W000187,1938,,-0.655,-0.086,-99.63163,0.90848,1038,39,,-0.571,-0.12
114,House,29312,71,18,CA,100,0,1,"ESHOO, Anna Georges",E000215,1942,,-0.381,-0.432,-77.82668,0.93187,1103,38,,-0.374,-0.297
114,House,29313,71,20,CA,100,0,1,"FARR, Sam",F000030,1941,,-0.455,-0.219,-107.70226,0.904,1067,46,,-0.494,-0.141
114,House,29316,71,34,CA,100,0,1,"BECERRA, Xavier",B000287,1958,,-0.512,-0.283,-79.99934,0.92783,1068,34,,-0.485,-0.456
114,House,29317,71,40,CA,100,0,1,"ROYBAL-ALLARD, Lucille",R000486,1941,,-0.471,-0.191,-58.76261,0.94848,1111,28,,-0.518,-0.046
114,House,29321,71,39,CA,200,0,1,"ROYCE, Edward Randall",R000487,1951,,0.659,-0.359,-200.49912,0.83529,1114,82,,0.485,-0.2
114,House,29323,71,42,CA,200,0,1,"CALVERT, Ken",C000059,1953,,0.348,0.203,-95.68311,0.91762,1113,27,,0.296,0.48
114,House,29504,71,19,CA,100,0,1,"LOFGREN, Zoe",L000397,1947,,-0.402,-0.445,-110.60232,0.89975,1047,50,,-0.409,-0.393
114,House,29707,71,30,CA,100,0,1,"SHERMAN, Brad",S000344,1954,,-0.341,-0.149,-143.67742,0.8793,1117,51,,-0.347,-0.017
114,House,29709,71,46,CA,100,0,1,"SANCHEZ, Loretta",S000030,1960,,-0.367,0.025,-108.19825,0.879,841,48,,-0.36,0.072
114,House,29774,71,24,CA,100,0,1,"CAPPS, Lois",C001036,1938,,-0.389,-0.227,-81.8492,0.927,1077,26,,-0.374,-0.219
114,House,29778,71,13,CA,100,0,1,"LEE, Barbara",L000551,1946,,-0.684,-0.591,-48.55376,0.95421,1036,16,,-0.638,-0.718
114,House,29901,71,5,CA,100,0,1,"THOMPSON, Michael",T000460,1951,,-0.396,0.057,-105.22742,0.90765,1086,44,,-0.368,-0.122
114,House,29903,71,32,CA,100,0,1,"NAPOLITANO, Grace Flores",N000179,1936,,-0.448,-0.247,-68.56165,0.93843,1079,24,,-0.545,-0.137
114,House,20704,62,5,CO,200,0,1,"LAMBORN, Doug",L000564,1954,,0.69,0.186,-77.07375,0.93179,1091,30,,0.653,0.231
114,House,20705,62,7,CO,100,0,1,"PERLMUTTER, Ed",P000593,1953,,-0.282,0.081,-155.63506,0.86637,1085,64,,-0.315,0.032
114,House,20904,62,2,CO,100,0,1,"POLIS, Jared",P000598,1975,,-0.278,-0.692,-208.88905,0.82832,1109,84,,-0.254,-0.967
114,House,20906,62,6,CO,200,0,1,"COFFMAN, Mike",C001077,1955,,0.492,-0.215,-187.5218,0.84571,1119,72,,0.461,-0.237
114,House,21111,62,3,CO,200,0,1,"TIPTON, Scott",T000470,1956,,0.454,-0.035,-131.34512,0.88916,1118,72,,0.526,-0.082
114,House,21510,62,4,CO,200,0,1,"BUCK, Kenneth Robert",B001297,1959,,0.763,-0.487,-136.66958,0.87935,1063,60,,0.729,-0.521
114,House,29710,62,1,CO,100,0,1,"DeGETTE, Diana",D000197,1957,,-0.432,-0.312,-80.48451,0.93036,1115,33,,-0.429,-0.171
114,House,20706,1,2,CT,100,0,1,"COURTNEY, Joe",C001069,1953,,-0.344,0.017,-109.19905,0.90639,1111,46,,-0.331,-0.007
114,House,20907,1,4,CT,100,0,1,"HIMES, James A.",H001047,1966,,-0.241,-0.252,-154.51395,0.87027,1112,65,,-0.26,-0.207
114,House,21316,1,5,CT,100,0,1,"ESTY, Elizabeth",E000293,1959,,-0.314,-0.08,-102.60757,0.91238,1119,39,,-0.312,-0.09
114,House,29109,1,3,CT,100,0,1,"DeLAURO, Rosa L.",D000216,1943,,-0.416,-0.121,-82.98089,0.92585,1077,27,,-0.424,-0.075
114,House,29908,1,1,CT,100,0,1,"LARSON, John B.",L000557,1948,,-0.399,-0.055,-106.99723,0.90526,1075,45,,-0.368,-0.049
114,House,21113,11,1,DE,100,0,1,"CARNEY, John C., Jr.",C001083,1956,,-0.256,-0.142,-141.76971,0.879,1100,57,,-0.275,-0.117
114,House,15634,43,27,FL,200,0,1,"ROS-LEHTINEN, Ileana",R000435,1952,,0.244,-0.226,-263.16012,0.78859,1108,135,,0.204,-0.142
114,House,20110,43,1,FL,200,0,1,"MILLER, Jefferson B. (Jeff)",M001144,1959,,0.633,0.155,-89.73545,0.921,1089,45,,0.618,0.059
114,House,20111,43,4,FL,200,0,1,"CRENSHAW, Ander",C001045,1944,,0.333,0.337,-89.92786,0.922,1109,23,,0.303,0.618
114,House,20316,43,25,FL,200,0,1,"DIAZ-BALART, Mario",D000600,1961,,0.276,0.103,-146.62137,0.87532,1101,52,,0.227,0.257
114,House,20504,43,23,FL,100,0,1,"WASSERMAN SCHULTZ, Debbie",W000797,1966,,-0.423,0.066,-84.67498,0.92145,1035,33,,-0.467,0.118
114,House,20708,43,14,FL,100,0,1,"CASTOR, Kathy",C001066,1966,,-0.439,0.049,-86.38333,0.92421,1096,43,,-0.429,-0.016
114,House,20709,43,16,FL,200,0,1,"BUCHANAN, Vernon G.",B001260,1951,,0.359,-0.151,-191.50819,0.83514,1063,83,,0.369,-0.16
114,House,20758,43,12,FL,200,0,1,"BILIRAKIS, Gus",B001257,1963,,0.404,0.024,-132.90217,0.88792,1118,57,,0.519,-0.007
114,House,20908,43,9,FL,100,0,1,"GRAYSON, Alan",G000556,1958,,-0.363,-0.457,-179.64887,0.849,1099,63,,-0.333,-0.597
114,House,20909,43,8,FL,200,0,1,"POSEY, Bill",P000599,1947,,0.512,-0.315,-205.94401,0.83217,1121,76,,0.601,-0.394
114,House,20910,43,17,FL,200,0,1,"ROONEY, Thomas J.",R000583,1970,,0.458,0.013,-134.08433,0.88304,1078,75,,0.458,0.061
114,House,20959,43,21,FL,100,0,1,"DEUTCH, Theodore E. (Ted)",D000610,1966,,-0.401,-0.101,-83.38302,0.92435,1060,30,,-0.428,-0.021
114,House,21115,43,11,FL,200,0,1,"NUGENT, Richard",N000185,1951,,0.483,0.077,-157.24613,0.851,973,75,,0.463,-0.073
114,House,21116,43,10,FL,200,0,1,"WEBSTER, Daniel A.",W000806,1949,,0.484,-0.008,-133.31161,0.88255,1067,54,,0.499,0.085
114,House,21117,43,15,FL,200,0,1,"ROSS, Dennis",R000593,1959,,0.531,0.098,-110.49209,0.90517,1109,42,,0.49,0.239
114,House,21118,43,24,FL,100,0,1,"WILSON, Frederica",W000808,1942,,-0.475,-0.014,-73.30342,0.93201,1041,28,,-0.509,0.05
114,House,21317,43,3,FL,200,0,1,"YOHO, Ted",Y000065,1955,,0.7,-0.385,-176.85024,0.85272,1110,74,,0.667,-0.511
114,House,21318,43,6,FL,200,0,1,"DeSANTIS, Ron",D000621,1978,,0.663,-0.105,-100.61049,0.9132,1108,56,,0.631,-0.135
114,House,21319,43,18,FL,100,0,1,"MURPHY, Patrick",M001191,1983,,-0.186,-0.026,-209.56091,0.824,1085,85,,-0.244,-0.019
114,House,21321,43,22,FL,100,0,1,"FRANKEL, Lois",F000462,1948,,-0.404,-0.091,-77.76169,0.93205,1105,27,,-0.428,-0.054
114,House,21377,43,19,FL,200,0,1,"CLAWSON, Curt",C001102,1959,,0.626,-0.509,-201.38303,0.824,1041,71,,0.587,-0.487
114,House,21401,43,13,FL,200,0,1,"JOLLY, David W.",J000296,1972,,0.23,0.058,-228.78436,0.807,1065,93,,0.23,0.043
114,House,21511,43,2,FL,100,0,1,"GRAHAM, Gwendolyn (Gwen)",G000575,1963,,-0.233,0.255,-239.05872,0.808,1124,96,,-0.236,0.271
114,House,21512,43,26,FL,200,0,1,"CURBELO, Carlos",C001107,1980,,0.211,-0.187,-267.42029,0.78436,1101,131,,0.192,-0.188
114,House,29328,43,5,FL,100,0,1,"BROWN, Corrine",B000911,1946,,-0.429,0.192,-108.58497,0.895,983,39,,-0.508,0.387
114,House,29331,43,7,FL,200,0,1,"MICA, John L.",M000689,1943,,0.453,0.137,-113.52337,0.904,1119,46,,0.443,0.191
114,House,29337,43,20,FL,100,0,1,"HASTINGS, Alcee Lamar",H000324,1936,,-0.564,0.156,-116.33583,0.88417,945,51,,-0.47,0.027
114,House,15431,44,5,GA,100,0,1,"LEWIS, John R.",L000287,1940,,-0.59,-0.226,-72.81524,0.93275,1046,34,,-0.538,-0.412
114,House,20321,44,13,GA,100,0,1,"SCOTT, David",S001157,1945,,-0.301,0.167,-175.11237,0.84877,1068,69,,-0.276,0.135
114,House,20505,44,6,GA,200,0,1,"PRICE, Tom",P000591,1954,,0.644,-0.073,-98.5592,0.91317,1085,56,,0.635,-0.081
114,House,20506,44,3,GA,200,0,1,"WESTMORELAND, Lynn A.",W000796,1950,,0.672,0.189,-145.79575,0.857,946,55,,0.597,-0.024
114,House,20712,44,4,GA,100,0,1,"JOHNSON, Hank",J000288,1954,,-0.469,0.021,-125.61185,0.89096,1088,39,,-0.477,0.031
114,House,20962,44,14,GA,200,0,1,"GRAVES, Tom",G000560,1970,,0.746,-0.048,-109.66029,0.90528,1102,63,,0.632,0.036
114,House,21122,44,7,GA,200,0,1,"WOODALL, Rob",W000810,1970,,0.647,-0.255,-135.40752,0.88506,1109,70,,0.597,-0.269
114,House,21123,44,8,GA,200,0,1,"SCOTT, Austin",S001189,1969,,0.571,0.168,-69.1166,0.93899,1098,18,,0.602,0.293
114,House,21323,44,9,GA,200,0,1,"COLLINS, Doug",C001093,1966,,0.625,0.057,-102.93659,0.91098,1104,55,,0.659,-0.025
114,House,21513,44,1,GA,200,0,1,"CARTER, Buddy",C001103,1957,,0.571,0.369,-101.1371,0.91299,1111,54,,0.551,0.272
114,House,21514,44,10,GA,200,0,1,"HICE, Jody Brownlow",H001071,1960,,0.737,-0.112,-94.72986,0.91862,1116,52,,0.713,-0.115
114,House,21515,44,11,GA,200,0,1,"LOUDERMILK, Barry D.",L000583,1963,,0.676,-0.088,-109.63906,0.90472,1095,49,,0.668,-0.097
114,House,21516,44,12,GA,200,0,1,"ALLEN, Rick W.",A000372,1951,,0.616,0.29,-70.38916,0.93861,1111,23,,0.617,0.446
114,House,29339,44,2,GA,100,0,1,"BISHOP, Sanford Dixon, Jr.",B000490,1947,,-0.282,0.471,-269.03173,0.7839,1105,125,,-0.308,0.514
114,House,21124,82,1,HI,100,2,2,"HANABUSA, Colleen",H001050,1951,,-0.37,0.006,-0.91654,0.97087,31,0,,-0.515,0.34
114,House,21324,82,2,HI,100,0,1,"GABBARD, Tulsi",G000571,1981,,-0.28,-0.242,-163.69419,0.86391,1119,60,,-0.291,-0.23
114,House,21517,82,1,HI,100,1,1,"TAKAI, Mark",T000473,1967,2016.0,-0.363,-0.038,-63.51748,0.906,646,19,,-0.364,-0.028
114,House,21125,63,1,ID,200,0,1,"LABRADOR, Raúl R.",L000573,1967,,0.736,-0.575,-162.10488,0.86286,1099,73,,0.719,-0.667
114,House,29910,63,2,ID,200,0,1,"SIMPSON, Michael K.",S001148,1950,,0.293,0.279,-104.52685,0.90974,1105,39,,0.252,0.458
114,House,20508,21,3,IL,100,0,1,"LIPINSKI, Daniel",L000563,1966,,-0.232,0.181,-290.59638,0.76672,1094,114,,-0.219,0.188
114,House,20715,21,6,IL,200,0,1,"ROSKAM, Peter",R000580,1961,,0.429,0.018,-135.16054,0.88081,1065,61,,0.411,0.157
114,House,20749,21,11,IL,100,0,1,"FOSTER, Bill",F000454,1955,,-0.225,-0.23,-139.57029,0.88274,1119,57,,-0.279,-0.22
114,House,20914,21,18,IL,200,1,1,"SCHOCK, Aaron",S001179,1981,,0.311,0.185,-15.2141,0.871,110,9,,0.339,-0.161
114,House,20954,21,5,IL,100,0,1,"QUIGLEY, Mike",Q000023,1958,,-0.32,-0.288,-115.10823,0.90116,1106,50,,-0.333,-0.073
114,House,21128,21,16,IL,200,0,1,"KINZINGER, Adam",K000378,1978,,0.27,0.326,-129.00594,0.89111,1119,69,,0.252,0.235
114,House,21129,21,14,IL,200,0,1,"HULTGREN, Randy",H001059,1966,,0.49,-0.035,-112.14036,0.90432,1115,47,,0.479,0.087
114,House,21325,21,8,IL,100,0,1,"DUCKWORTH, Tammy",D000622,1968,,-0.32,0.085,-115.59187,0.89176,1009,47,,-0.304,0.078
114,House,21328,21,13,IL,200,0,1,"DAVIS, Rodney",D000619,1970,,0.296,0.114,-146.42516,0.87621,1108,70,,0.284,0.107
114,House,21329,21,17,IL,100,0,1,"BUSTOS, Cheri",B001286,1961,,-0.235,0.028,-148.41808,0.87579,1119,49,,-0.274,0.116
114,House,21371,21,2,IL,100,0,1,"KELLY, Robin L.",K000385,1956,,-0.461,-0.01,-79.48156,0.92723,1052,30,,-0.429,-0.071
114,House,21518,21,10,IL,200,0,1,"DOLD, Robert",D000613,1969,,0.176,-0.207,-292.99709,0.768,1112,142,,0.174,-0.205
114,House,21519,21,12,IL,200,0,1,"BOST, Mike",B001295,1960,,0.259,0.519,-120.12627,0.89399,1072,56,,0.279,0.374
114,House,21562,21,18,IL,200,2,2,"LaHOOD, Darin",L000585,1968,,0.451,0.078,-63.70416,0.91107,684,26,,0.428,0.056
114,House,29346,21,1,IL,100,0,1,"RUSH, Bobby L.",R000515,1946,,-0.478,-0.203,-107.83211,0.88872,914,41,,-0.475,-0.106
114,House,29348,21,4,IL,100,0,1,"GUTIÉRREZ, Luis V.",G000535,1953,,-0.487,-0.261,-68.52446,0.93403,1004,34,,-0.507,-0.296
114,House,29717,21,7,IL,100,0,1,"DAVIS, Danny K.",D000096,1941,,-0.486,-0.26,-78.00285,0.93013,1077,27,,-0.505,0.009
114,House,29718,21,15,IL,200,0,1,"SHIMKUS, John M.",S000364,1958,,0.371,0.138,-102.50173,0.91239,1118,43,,0.325,0.428
114,House,29911,21,9,IL,100,0,1,"SCHAKOWSKY, Janice D.",S001145,1944,,-0.607,-0.265,-74.52772,0.93373,1087,33,,-0.58,-0.407
114,House,15124,22,1,IN,100,0,1,"VISCLOSKY, Peter",V000108,1949,,-0.402,0.246,-159.88763,0.86596,1111,70,,-0.453,0.068
114,House,20757,22,7,IN,100,0,1,"CARSON, André",C001072,1974,,-0.429,0.056,-120.62732,0.89685,1108,43,,-0.472,0.061
114,House,21100,22,3,IN,200,0,1,"STUTZMAN, Marlin",S001188,1976,,0.742,-0.119,-92.80672,0.916,1061,41,,0.715,-0.221
114,House,21131,22,4,IN,200,0,1,"ROKITA, Todd",R000592,1970,,0.601,-0.16,-149.06882,0.87391,1106,57,,0.559,-0.225
114,House,21132,22,8,IN,200,0,1,"BUCSHON, Larry",B001275,1962,,0.39,0.232,-101.92776,0.91286,1118,51,,0.363,0.311
114,House,21133,22,9,IN,200,0,1,"YOUNG, Todd",Y000064,1972,,0.483,0.053,-106.82109,0.90599,1082,49,,0.464,0.056
114,House,21330,22,2,IN,200,0,1,"WALORSKI, Jackie",W000813,1963,,0.446,0.327,-73.8443,0.93575,1112,28,,0.45,0.391
114,House,21331,22,5,IN,200,0,1,"BROOKS, Susan",B001284,1960,,0.376,0.267,-106.36187,0.90878,1112,45,,0.363,0.306
114,House,21332,22,6,IN,200,0,1,"MESSER, Luke",M001189,1969,,0.564,-0.093,-114.29803,0.90249,1114,46,,0.554,-0.124
114,House,20325,31,4,IA,200,0,1,"KING, Steve",K000362,1949,,0.616,0.238,-148.74772,0.871,1077,45,,0.574,0.051
114,House,20720,31,2,IA,100,0,1,"LOEBSACK, Dave",L000565,1952,,-0.276,-0.039,-102.74752,0.91174,1112,37,,-0.32,-0.027
114,House,21520,31,1,IA,200,0,1,"BLUM, Rod",B001294,1955,,0.518,-0.474,-211.56757,0.82717,1115,71,,0.521,-0.427
114,House,21521,31,3,IA,200,0,1,"YOUNG, David",Y000066,1968,,0.443,-0.038,-143.8895,0.87994,1125,63,,0.443,0.04
114,House,20915,32,2,KS,200,0,1,"JENKINS, Lynn",J000290,1963,,0.523,0.003,-110.0585,0.90462,1098,49,,0.532,-0.001
114,House,21134,32,1,KS,200,0,1,"HUELSKAMP, Tim",H001057,1968,,0.744,-0.466,-167.58324,0.859,1103,69,,0.919,-0.395
114,House,21135,32,3,KS,200,0,1,"YODER, Kevin",Y000063,1976,,0.559,0.025,-118.60122,0.89858,1109,61,,0.556,-0.041
114,House,21136,32,4,KS,200,0,1,"POMPEO, Mike",P000602,1963,,0.66,0.164,-79.15451,0.92939,1081,28,,0.634,0.15
114,House,14854,51,5,KY,200,0,1,"ROGERS, Harold Dallas (Hal)",R000395,1937,,0.333,0.092,-99.24357,0.91469,1113,36,,0.298,0.709
114,House,20723,51,3,KY,100,0,1,"YARMUTH, John",Y000062,1947,,-0.378,-0.273,-71.86872,0.93329,1041,27,,-0.421,-0.349
114,House,20916,51,2,KY,200,0,1,"GUTHRIE, Brett",G000558,1964,,0.413,0.245,-95.41409,0.91806,1116,46,,0.522,0.294
114,House,21333,51,6,KY,200,0,1,"BARR, Garland H. (Andy) IV",B001282,1973,,0.485,0.317,-91.27157,0.92154,1117,46,,0.488,0.445
114,House,21565,51,1,KY,200,2,2,"COMER, James",C001108,1972,,0.61,-0.046,-1.94167,0.93929,31,2,,0.608,0.542
114,House,29525,51,1,KY,200,1,1,"WHITFIELD, Wayne Edward (Ed)",W000413,1943,,0.303,0.182,-161.20582,0.845,956,51,,0.308,0.2
114,House,31102,51,4,KY,200,0,1,"MASSIE, Thomas",M001184,1971,,0.66,-0.751,-391.74259,0.70352,1114,149,,0.991,-0.136
114,House,20514,45,3,LA,200,0,1,"BOUSTANY, Charles W.",B001255,1956,,0.392,0.308,-102.39446,0.912,1115,40,,0.364,0.703
114,House,20759,45,1,LA,200,0,1,"SCALISE, Steve",S001176,1965,,0.56,0.122,-89.36044,0.92265,1110,32,,0.517,0.296
114,House,20918,45,4,LA,200,0,1,"FLEMING, John",F000456,1951,,0.59,0.022,-134.43897,0.887,1116,70,,0.678,-0.179
114,House,21137,45,2,LA,100,0,1,"RICHMOND, Cedric",R000588,1973,,-0.478,0.324,-114.24947,0.89935,1077,53,,-0.489,0.32
114,House,21522,45,5,LA,200,0,1,"ABRAHAM, Ralph",A000374,1954,,0.507,0.264,-90.27154,0.92276,1123,33,,0.487,0.511
114,House,21523,45,6,LA,200,0,1,"GRAVES, Garret",G000577,1972,,0.503,-0.081,-150.88788,0.87364,1117,64,,0.49,-0.076
114,House,20920,2,1,ME,100,0,1,"PINGREE, Chellie",P000597,1955,,-0.421,-0.403,-87.82361,0.92426,1115,39,,-0.386,-0.374
114,House,21524,2,2,ME,200,0,1,"POLIQUIN, Bruce Lee",P000611,1953,,0.362,-0.188,-267.64732,0.78777,1122,120,,0.371,-0.262
114,House,14873,52,5,MD,100,0,1,"HOYER, Steny Hamilton",H000874,1939,,-0.38,0.116,-92.94361,0.91776,1083,43,,-0.418,0.082
114,House,20329,52,2,MD,100,0,1,"RUPPERSBERGER, C. A. (Dutch)",R000576,1946,,-0.296,0.137,-173.59025,0.85101,1076,69,,-0.296,0.211
114,House,20330,52,8,MD,100,0,1,"VAN HOLLEN, Christopher",V000128,1959,,-0.392,-0.174,-65.96767,0.94148,1094,19,,-0.473,-0.182
114,House,20724,52,3,MD,100,0,1,"SARBANES, John",S001168,1962,,-0.469,-0.077,-60.04788,0.94711,1105,29,,-0.495,-0.193
114,House,20763,52,4,MD,100,0,1,"EDWARDS, Donna F.",E000290,1958,,-0.562,-0.294,-71.33447,0.937,1097,33,,-0.474,-0.242
114,House,21139,52,1,MD,200,0,1,"HARRIS, Andy",H001052,1957,,0.607,-0.316,-141.7572,0.88081,1117,57,,0.681,-0.249
114,House,21334,52,6,MD,100,0,1,"DELANEY, John",D000620,1963,,-0.276,0.04,-176.31785,0.84609,1055,78,,-0.259,0.022
114,House,29587,52,7,MD,100,0,1,"CUMMINGS, Elijah Eugene",C000984,1951,,-0.438,-0.151,-59.80764,0.94708,1100,23,,-0.512,-0.112
114,House,15616,3,1,MA,100,0,1,"NEAL, Richard Edmund",N000015,1949,,-0.417,-0.111,-92.64736,0.91901,1097,50,,-0.392,-0.164
114,House,20119,3,8,MA,100,0,1,"LYNCH, Stephen F.",L000562,1955,,-0.351,0.037,-153.46685,0.87022,1104,66,,-0.346,0.003
114,House,20754,3,3,MA,100,0,1,"TSONGAS, Nicola S. (Niki)",T000465,1946,,-0.396,-0.198,-75.68876,0.93226,1079,27,,-0.385,-0.202
114,House,21140,3,9,MA,100,0,1,"KEATING, William R.",K000375,1952,,-0.329,-0.137,-144.95207,0.87685,1103,55,,-0.32,-0.034
114,House,21335,3,4,MA,100,0,1,"KENNEDY, Joseph P. III",K000379,1980,,-0.422,-0.166,-92.89732,0.91699,1072,37,,-0.443,-0.092
114,House,21375,3,5,MA,100,0,1,"CLARK, Katherine M.",C001101,1963,,-0.491,-0.39,-65.00582,0.94361,1120,27,,-0.476,-0.477
114,House,21525,3,6,MA,100,0,1,"MOULTON, Seth",M001196,1978,,-0.302,-0.104,-140.02161,0.88228,1118,58,,-0.337,0.017
114,House,29729,3,2,MA,100,0,1,"McGOVERN, James P.",M000312,1959,,-0.539,-0.297,-78.96017,0.93157,1114,43,,-0.46,-0.67
114,House,29919,3,7,MA,100,0,1,"CAPUANO, Michael Everett",C001037,1952,,-0.58,-0.082,-111.56963,0.90355,1100,62,,-0.443,-0.438
114,House,10713,23,13,MI,100,0,1,"CONYERS, John, Jr.",C000714,1929,,-0.658,-0.512,-101.50849,0.90981,1074,38,,-0.538,-0.303
114,House,15033,23,9,MI,100,0,1,"LEVIN, Sander Martin",L000263,1931,,-0.378,-0.091,-82.17081,0.9284,1106,30,,-0.434,-0.02
114,House,15446,23,6,MI,200,0,1,"UPTON, Frederick Stephen",U000031,1953,,0.339,-0.397,-213.76718,0.82695,1125,89,,0.31,-0.022
114,House,20331,23,10,MI,200,0,1,"MILLER, Candice S.",M001150,1954,,0.343,-0.001,-160.03739,0.859,1056,75,,0.384,0.028
114,House,20725,23,7,MI,200,0,1,"WALBERG, Tim",W000798,1951,,0.528,0.049,-98.5026,0.91566,1118,51,,0.513,0.215
114,House,21141,23,1,MI,200,0,1,"BENISHEK, Dan",B001271,1952,,0.491,-0.15,-198.80694,0.838,1122,105,,0.407,-0.042
114,House,21142,23,2,MI,200,0,1,"HUIZENGA, Bill",H001058,1969,,0.633,-0.059,-113.60228,0.90102,1090,52,,0.596,-0.043
114,House,21143,23,3,MI,200,0,1,"AMASH, Justin",A000367,1980,,0.646,-0.763,-483.27362,0.65004,1122,173,,0.573,-0.82
114,House,21372,23,5,MI,100,0,1,"KILDEE, Dan",K000380,1958,,-0.394,-0.204,-80.18822,0.92957,1098,28,,-0.433,-0.164
114,House,21526,23,4,MI,200,0,1,"MOOLENAAR, John",M001194,1961,,0.398,0.468,-99.4337,0.91439,1111,38,,0.429,0.47
114,House,21527,23,8,MI,200,0,1,"BISHOP, Michael Dean",B001293,1967,,0.45,0.108,-122.39437,0.89648,1120,57,,0.437,0.129
114,House,21528,23,11,MI,200,0,1,"TROTT, David A.",T000475,1960,,0.37,0.256,-108.15194,0.90787,1119,44,,0.373,0.315
114,House,21529,23,12,MI,100,0,1,"DINGELL, Debbie",D000624,1953,,-0.408,-0.107,-79.60971,0.93,1097,28,,-0.464,0.03
114,House,21530,23,14,MI,100,0,1,"LAWRENCE, Brenda L",L000581,1954,,-0.442,-0.035,-81.17185,0.92954,1111,33,,-0.455,-0.037
114,House,14263,33,8,MN,100,0,1,"NOLAN, Richard Michael",N000127,1943,,-0.372,-0.373,-183.55872,0.84383,1081,69,,-0.275,-0.325
114,House,20122,33,4,MN,100,0,1,"McCOLLUM, Betty",M001143,1954,,-0.418,-0.191,-91.66164,0.92067,1109,31,,-0.457,-0.077
114,House,20333,33,2,MN,200,0,1,"KLINE, John",K000363,1947,,0.49,0.154,-112.95818,0.904,1114,45,,0.394,0.302
114,House,20726,33,1,MN,100,0,1,"WALZ, Tim",W000799,1964,,-0.275,0.131,-195.44699,0.83895,1113,80,,-0.261,0.1
114,House,20727,33,5,MN,100,0,1,"ELLISON, Keith",E000288,1963,,-0.537,-0.58,-91.04217,0.91887,1076,35,,-0.481,-0.504
114,House,20924,33,3,MN,200,0,1,"PAULSEN, Erik",P000594,1965,,0.403,-0.193,-166.90081,0.86086,1114,77,,0.392,-0.128
114,House,21531,33,6,MN,200,0,1,"EMMER, Thomas Earl II",E000294,1961,,0.436,-0.074,-176.00327,0.85434,1118,80,,0.423,-0.079
114,House,29127,33,7,MN,100,0,1,"PETERSON, Collin Clark",P000258,1944,,-0.148,0.71,-460.50983,0.66165,1115,231,,-0.107,0.584
114,House,20925,46,3,MS,200,0,1,"HARPER, Gregg",H001045,1956,,0.384,0.484,-91.51694,0.92031,1102,36,,0.345,0.658
114,House,21147,46,1,MS,200,1,1,"NUNNELEE, Alan",N000186,1958,2015.0,0.488,0.574,,,,,,,
114,House,21148,46,4,MS,200,0,1,"PALAZZO, Steven",P000601,1970,,0.492,0.512,-106.658,0.90555,1075,54,,0.487,0.495
114,House,21561,46,1,MS,200,2,2,"KELLY, Trent",K000388,1966,,0.577,0.205,-72.50183,0.91626,829,35,,0.542,0.384
114,House,29368,46,2,MS,100,0,1,"THOMPSON, Bennie",T000193,1948,,-0.516,0.403,-120.83317,0.89415,1080,56,,-0.534,0.293
114,House,20124,34,6,MO,200,0,1,"GRAVES, Samuel",G000546,1963,,0.432,0.162,-131.42938,0.88277,1054,56,,0.376,0.233
114,House,20147,34,1,MO,100,0,1,"CLAY, William Lacy, Jr.",C001049,1956,,-0.48,-0.078,-106.82318,0.9064,1087,38,,-0.483,0.106
114,House,20517,34,5,MO,100,0,1,"CLEAVER, Emanuel, II",C001061,1944,,-0.455,0.017,-100.62337,0.90544,1013,36,,-0.488,0.069
114,House,20926,34,3,MO,200,0,1,"LUETKEMEYER, Blaine",L000569,1952,,0.446,0.242,-86.46591,0.9248,1106,37,,0.429,0.36
114,House,21149,34,4,MO,200,0,1,"HARTZLER, Vicky",H001053,1960,,0.496,0.379,-91.55219,0.92144,1119,42,,0.509,0.535
114,House,21150,34,7,MO,200,0,1,"LONG, Billy",L000576,1955,,0.552,0.296,-87.81922,0.92156,1075,38,,0.505,0.53
114,House,21337,34,2,MO,200,0,1,"WAGNER, Ann",W000812,1962,,0.477,0.192,-89.62127,0.91826,1051,38,,0.44,0.269
114,House,21373,34,8,MO,200,0,1,"SMITH, Jason",S001195,1980,,0.616,0.196,-80.64402,0.93023,1115,44,,0.609,0.138
114,House,21532,64,1,MT,200,0,1,"ZINKE, Ryan",Z000018,1961,,0.412,-0.097,-192.64626,0.83975,1103,69,,0.412,-0.097
114,House,20518,35,1,NE,200,0,1,"FORTENBERRY, Jeff",F000449,1960,,0.299,-0.065,-190.63839,0.84232,1111,83,,0.318,-0.007
114,House,20729,35,3,NE,200,0,1,"SMITH, Adrian",S001172,1970,,0.51,0.182,-81.58944,0.92944,1115,27,,0.557,0.353
114,House,21533,35,2,NE,100,0,1,"ASHFORD, John Bradley",A000373,1949,,-0.185,0.441,-325.13112,0.746,1112,137,,-0.181,0.427
114,House,20927,65,1,NV,100,0,1,"TITUS, Alice (Dina)",T000468,1950,,-0.3,-0.205,-112.15703,0.90022,1067,42,,-0.297,-0.252
114,House,21151,65,3,NV,200,0,1,"HECK, Joe",H001055,1961,,0.324,0.014,-170.65291,0.853,1074,83,,0.364,-0.073
114,House,21196,65,2,NV,200,0,1,"AMODEI, Mark E.",A000369,1958,,0.375,0.18,-113.42341,0.89807,1055,42,,0.323,0.459
114,House,21534,65,4,NV,200,0,1,"HARDY, Cresent Leo",H001070,1957,,0.353,0.209,-119.1218,0.897,1099,51,,0.353,0.203
114,House,21340,4,2,NH,100,0,1,"KUSTER, Ann McLane",K000382,1956,,-0.252,-0.138,-128.199,0.89157,1117,48,,-0.257,-0.129
114,House,21535,4,1,NH,200,0,1,"GUINTA, Frank",G000570,1970,,0.427,-0.073,-156.51923,0.868,1110,61,,0.429,-0.088
114,House,14863,12,4,NJ,200,0,1,"SMITH, Christopher Henry",S000522,1953,,0.161,-0.172,-332.3221,0.74187,1113,133,,0.278,-0.147
114,House,15454,12,6,NJ,100,0,1,"PALLONE, Frank, Jr.",P000034,1951,,-0.404,-0.158,-90.35511,0.92155,1106,46,,-0.454,-0.405
114,House,20336,12,5,NJ,200,0,1,"GARRETT, Scott",G000548,1959,,0.688,-0.243,-161.0892,0.864,1099,76,,0.622,-0.476
114,House,20542,12,8,NJ,100,0,1,"SIRES, Albio",S001165,1951,,-0.404,0.094,-149.4374,0.86965,1070,67,,-0.361,0.095
114,House,20929,12,7,NJ,200,0,1,"LANCE, Leonard",L000567,1952,,0.329,-0.236,-214.49264,0.82641,1125,111,,0.374,-0.144
114,House,21536,12,1,NJ,100,0,1,"NORCROSS, Donald",N000188,1958,,-0.425,0.351,-132.45633,0.88742,1109,64,,-0.375,0.225
114,House,21537,12,3,NJ,200,0,1,"MacARTHUR, Thomas Charles",M001193,1960,,0.206,0.271,-174.17534,0.85514,1113,76,,0.207,0.259
114,House,21538,12,12,NJ,100,0,1,"WATSON COLEMAN, Bonnie",W000822,1945,,-0.646,-0.165,-78.94396,0.93165,1115,41,,-0.525,-0.427
114,House,29539,12,2,NJ,200,0,1,"LoBIONDO, Frank A.",L000554,1946,,0.211,-0.225,-257.22451,0.79561,1125,118,,0.233,-0.195
114,House,29541,12,11,NJ,200,0,1,"FRELINGHUYSEN, Rodney P.",F000372,1946,,0.291,-0.262,-220.41073,0.82136,1120,85,,0.266,0.412
114,House,29741,12,9,NJ,100,0,1,"PASCRELL, William J., Jr.",P000096,1937,,-0.367,-0.0,-113.44053,0.9021,1101,40,,-0.409,0.04
114,House,31103,12,10,NJ,100,0,1,"PAYNE, Donald, Jr.",P000604,1958,,-0.519,-0.102,-76.07393,0.91997,912,31,,-0.524,-0.084
114,House,20337,66,2,NM,200,0,1,"PEARCE, Stevan",P000588,1947,,0.47,0.069,-153.45049,0.86499,1058,70,,0.509,0.003
114,House,20932,66,3,NM,100,0,1,"LUJÁN, Ben Ray",L000570,1972,,-0.369,0.025,-112.78725,0.90379,1115,42,,-0.388,0.108
114,House,21341,66,1,NM,100,0,1,"LUJAN GRISHAM, Michelle",L000580,1959,,-0.313,0.047,-131.90424,0.88422,1072,48,,-0.362,0.179
114,House,13035,13,13,NY,100,0,1,"RANGEL, Charles B.",R000053,1930,,-0.514,-0.341,-100.02235,0.911,1077,41,,-0.498,-0.088
114,House,15444,13,25,NY,100,0,1,"SLAUGHTER, Louise McIntosh",S000480,1929,2018.0,-0.465,-0.104,-87.21867,0.92424,1107,40,,-0.485,-0.096
114,House,15603,13,16,NY,100,0,1,"ENGEL, Eliot Lance",E000179,1947,,-0.408,-0.089,-130.19118,0.88391,1055,41,,-0.429,0.072
114,House,15612,13,17,NY,100,0,1,"LOWEY, Nita M.",L000480,1937,,-0.389,-0.157,-97.38726,0.91629,1114,43,,-0.404,-0.021
114,House,20129,13,3,NY,100,0,1,"ISRAEL, Steve",I000057,1958,,-0.334,-0.051,-92.75235,0.919,1101,51,,-0.394,0.009
114,House,20519,13,26,NY,100,0,1,"HIGGINS, Brian",H001038,1959,,-0.346,-0.031,-100.20952,0.91368,1110,36,,-0.362,-0.127
114,House,20733,13,9,NY,100,0,1,"CLARKE, Yvette Diane",C001067,1964,,-0.616,-0.195,-73.30271,0.93593,1107,37,,-0.594,-0.401
114,House,20934,13,20,NY,100,0,1,"TONKO, Paul",T000469,1949,,-0.422,-0.257,-84.44657,0.92623,1102,31,,-0.434,-0.273
114,House,21101,13,23,NY,200,0,1,"REED, Thomas W. II",R000585,1971,,0.294,0.093,-143.75912,0.87811,1106,62,,0.278,0.161
114,House,21156,13,19,NY,200,0,1,"GIBSON, Christopher",G000564,1964,,0.203,-0.455,-347.40836,0.733,1117,178,,0.205,-0.371
114,House,21157,13,22,NY,200,0,1,"HANNA, Richard",H001051,1951,,0.215,-0.145,-258.38534,0.777,1024,119,,0.199,-0.158
114,House,21342,13,6,NY,100,0,1,"MENG, Grace",M001188,1975,,-0.381,-0.155,-95.49772,0.91604,1089,32,,-0.38,-0.127
114,House,21343,13,8,NY,100,0,1,"JEFFRIES, Hakeem",J000294,1970,,-0.486,-0.091,-61.24289,0.94541,1091,25,,-0.481,-0.092
114,House,21344,13,18,NY,100,0,1,"MALONEY, Sean Patrick",M001185,1966,,-0.235,0.108,-197.40263,0.83694,1109,88,,-0.258,0.114
114,House,21345,13,27,NY,200,0,1,"COLLINS, Chris",C001092,1950,,0.366,0.223,-111.7344,0.90358,1102,46,,0.358,0.225
114,House,21539,13,1,NY,200,0,1,"ZELDIN, Lee M",Z000017,1980,,0.363,-0.11,-196.24526,0.83927,1120,74,,0.331,-0.071
114,House,21540,13,4,NY,100,0,1,"RICE, Kathleen Maura",R000602,1965,,-0.289,-0.004,-148.94974,0.87005,1070,79,,-0.271,-0.09
114,House,21541,13,21,NY,200,0,1,"STEFANIK, Elise M",S001196,1984,,0.218,0.011,-182.96949,0.84977,1124,71,,0.204,0.077
114,House,21542,13,24,NY,200,0,1,"KATKO, John",K000386,1962,,0.209,-0.016,-236.51109,0.80856,1113,106,,0.197,-0.025
114,House,21560,13,11,NY,200,2,2,"DONOVAN, Daniel M., Jr.",D000625,1956,,0.227,0.095,-150.92419,0.84794,915,58,,0.217,0.144
114,House,29134,13,15,NY,100,0,1,"SERRANO, José E.",S000248,1943,,-0.491,-0.381,-63.91922,0.94448,1119,37,,-0.471,-0.31
114,House,29375,13,2,NY,200,0,1,"KING, Peter T.",K000210,1944,,0.26,-0.033,-175.01802,0.85509,1118,57,,0.22,0.255
114,House,29377,13,10,NY,100,0,1,"NADLER, Jerrold Lewis",N000002,1947,,-0.509,-0.51,-77.78406,0.92767,1036,42,,-0.47,-0.406
114,House,29378,13,7,NY,100,0,1,"VELÁZQUEZ, Nydia M.",V000081,1953,,-0.547,-0.336,-62.73813,0.94519,1113,23,,-0.503,-0.33
114,House,29379,13,12,NY,100,0,1,"MALONEY, Carolyn Bosher",M000087,1946,,-0.387,-0.277,-96.15077,0.91429,1073,34,,-0.378,-0.12
114,House,29776,13,5,NY,100,0,1,"MEEKS, Gregory W.",M001137,1953,,-0.412,-0.075,-100.97407,0.902,979,32,,-0.397,0.006
114,House,29925,13,14,NY,100,0,1,"CROWLEY, Joseph",C001038,1962,,-0.411,-0.071,-82.13408,0.92716,1086,31,,-0.401,-0.129
114,House,15438,47,4,NC,100,0,1,"PRICE, David Eugene",P000523,1940,,-0.343,-0.028,-86.65043,0.92378,1093,29,,-0.447,0.015
114,House,20340,47,1,NC,100,0,1,"BUTTERFIELD, George Kenneth, Jr. (G.K.)",B001251,1947,,-0.403,0.185,-92.98,0.91736,1078,32,,-0.441,0.183
114,House,20521,47,5,NC,200,0,1,"FOXX, Virginia Ann",F000450,1943,,0.642,0.147,-143.32813,0.87794,1101,67,,0.566,-0.095
114,House,20522,47,10,NC,200,0,1,"McHENRY, Patrick T.",M001156,1975,,0.578,0.106,-101.05314,0.91365,1119,38,,0.506,0.337
114,House,21159,47,2,NC,200,0,1,"ELLMERS, Renee",E000291,1964,,0.406,0.338,-143.7411,0.868,1018,63,,0.384,0.172
114,House,21346,47,8,NC,200,0,1,"HUDSON, Richard",H001067,1971,,0.673,0.208,-81.72871,0.92525,1052,41,,0.647,0.146
114,House,21347,47,9,NC,200,0,1,"PITTENGER, Robert",P000606,1948,,0.561,0.333,-87.28004,0.92418,1107,43,,0.535,0.291
114,House,21348,47,11,NC,200,0,1,"MEADOWS, Mark",M001187,1959,,0.619,-0.192,-126.46233,0.89232,1110,54,,0.62,-0.198
114,House,21349,47,13,NC,200,0,1,"HOLDING, George E.B.",H001065,1968,,0.655,0.137,-95.08435,0.91868,1121,50,,0.652,0.039
114,House,21543,47,6,NC,200,0,1,"WALKER, Bradley Mark",W000819,1969,,0.618,-0.04,-98.06644,0.915,1104,42,,0.619,-0.006
114,House,21544,47,7,NC,200,0,1,"ROUZER, David",R000603,1972,,0.61,0.176,-92.00534,0.92134,1123,51,,0.609,0.102
114,House,21545,47,12,NC,100,0,1,"ADAMS, Alma",A000370,1946,,-0.47,0.028,-54.82323,0.94865,1040,22,,-0.475,0.017
114,House,29546,47,3,NC,200,0,1,"JONES, Walter Beaman, Jr.",J000255,1943,,0.244,-0.362,-1060.08808,0.37778,1089,411,,0.416,-0.909
114,House,21350,36,1,ND,200,0,1,"CRAMER, Kevin",C001096,1961,,0.392,0.3,-97.9726,0.91464,1098,37,,0.396,0.263
114,House,15029,24,9,OH,100,0,1,"KAPTUR, Marcia Carolyn (Marcy)",K000009,1946,,-0.35,0.108,-138.99297,0.87882,1076,42,,-0.387,0.01
114,House,20130,24,12,OH,200,0,1,"TIBERI, Patrick (Pat)",T000462,1962,,0.386,-0.026,-121.38741,0.8947,1091,57,,0.349,0.302
114,House,20342,24,10,OH,200,0,1,"TURNER, Michael R.",T000463,1960,,0.266,0.19,-114.42551,0.89831,1067,52,,0.246,0.426
114,House,20343,24,13,OH,100,0,1,"RYAN, Timothy J.",R000577,1973,,-0.403,0.216,-127.65608,0.88881,1083,65,,-0.381,0.036
114,House,20738,24,4,OH,200,0,1,"JORDAN, Jim",J000289,1964,,0.709,-0.208,-119.01486,0.89833,1110,68,,0.744,-0.415
114,House,20755,24,5,OH,200,0,1,"LATTA, Robert E.",L000566,1956,,0.52,0.252,-79.25502,0.93162,1119,25,,0.541,0.216
114,House,20941,24,11,OH,100,0,1,"FUDGE, Marcia L.",F000455,1952,,-0.583,0.133,-93.45847,0.91805,1093,48,,-0.532,0.057
114,House,21162,24,6,OH,200,0,1,"JOHNSON, Bill",J000292,1954,,0.428,0.256,-99.58862,0.91499,1121,50,,0.383,0.435
114,House,21163,24,15,OH,200,0,1,"STIVERS, Steve",S001187,1965,,0.299,0.268,-104.20931,0.90769,1076,46,,0.314,0.344
114,House,21164,24,16,OH,200,0,1,"RENACCI, Jim",R000586,1958,,0.387,0.142,-143.41315,0.87931,1115,80,,0.372,0.18
114,House,21165,24,7,OH,200,0,1,"GIBBS, Bob",G000563,1954,,0.46,0.285,-91.11678,0.92193,1121,44,,0.486,0.347
114,House,21351,24,2,OH,200,0,1,"WENSTRUP, Brad",W000815,1958,,0.578,0.18,-101.99973,0.91235,1112,44,,0.594,0.146
114,House,21352,24,3,OH,100,0,1,"BEATTY, Joyce",B001281,1950,,-0.428,0.073,-80.3091,0.93008,1108,22,,-0.437,0.11
114,House,21353,24,14,OH,200,0,1,"JOYCE, David",J000295,1957,,0.254,0.27,-122.34515,0.89429,1095,54,,0.273,0.22
114,House,21564,24,8,OH,200,2,2,"DAVIDSON, Warren",D000626,1970,,0.792,-0.215,-32.34766,0.89126,281,13,,0.733,-0.191
114,House,29137,24,8,OH,200,1,1,"BOEHNER, John Andrew",B000589,1949,,0.513,0.04,,,,,,0.149,0.91
114,House,29550,24,1,OH,200,0,1,"CHABOT, Steve",C000266,1953,,0.585,-0.253,-91.77879,0.92159,1124,29,,0.618,0.183
114,House,20344,53,4,OK,200,0,1,"COLE, Tom",C001053,1949,,0.335,0.364,-93.25563,0.91942,1110,26,,0.284,0.495
114,House,21354,53,1,OK,200,0,1,"BRIDENSTINE, Jim",B001283,1975,,0.689,-0.157,-132.75408,0.88737,1111,52,,0.651,-0.126
114,House,21355,53,2,OK,200,0,1,"MULLIN, Markwayne",M001190,1977,,0.506,0.428,-84.74589,0.92687,1116,36,,0.461,0.607
114,House,21546,53,5,OK,200,0,1,"RUSSELL, Steve",R000604,1963,,0.475,-0.188,-201.71763,0.83328,1106,67,,0.453,-0.021
114,House,29393,53,3,OK,200,0,1,"LUCAS, Frank D.",L000491,1960,,0.363,0.409,-75.7871,0.9348,1124,29,,0.351,0.537
114,House,15410,72,4,OR,100,0,1,"DeFAZIO, Peter Anthony",D000191,1947,,-0.429,0.011,-233.89096,0.79721,1032,92,,-0.269,-0.366
114,House,20944,72,5,OR,100,0,1,"SCHRADER, Kurt",S001180,1951,,-0.193,0.06,-430.30215,0.67432,1092,188,,-0.156,-0.034
114,House,21198,72,1,OR,100,0,1,"BONAMICI, Suzanne",B001278,1954,,-0.393,-0.395,-79.97667,0.9303,1107,45,,-0.404,-0.385
114,House,29588,72,3,OR,100,0,1,"BLUMENAUER, Earl",B000574,1948,,-0.427,-0.662,-130.0409,0.88754,1090,53,,-0.388,-0.751
114,House,29932,72,2,OR,200,0,1,"WALDEN, Greg",W000791,1957,,0.339,-0.028,-112.59366,0.90452,1122,39,,0.348,0.12
114,House,20134,14,9,PA,200,0,1,"SHUSTER, William (Bill)",S001154,1961,,0.374,0.323,-106.33419,0.90919,1117,46,,0.323,0.403
114,House,20346,14,18,PA,200,0,1,"MURPHY, Timothy",M001151,1952,,0.258,0.198,-139.20934,0.88263,1115,59,,0.339,0.225
114,House,20524,14,8,PA,200,0,1,"FITZPATRICK, Michael G.",F000451,1963,,0.202,-0.186,-278.04712,0.774,1083,134,,0.221,-0.134
114,House,20526,14,15,PA,200,0,1,"DENT, Charles W.",D000604,1960,,0.244,-0.085,-208.8752,0.83041,1124,84,,0.225,0.071
114,House,20946,14,5,PA,200,0,1,"THOMPSON, Glenn",T000467,1959,,0.307,0.38,-152.22573,0.87313,1122,65,,0.322,0.187
114,House,21167,14,3,PA,200,0,1,"KELLY, Mike",K000376,1948,,0.319,0.496,-102.67772,0.91247,1121,40,,0.327,0.605
114,House,21168,14,7,PA,200,0,1,"MEEHAN, Patrick",M001181,1955,,0.22,0.076,-216.11429,0.82423,1118,101,,0.226,0.021
114,House,21170,14,10,PA,200,0,1,"MARINO, Thomas A.",M001179,1952,,0.351,0.477,-84.06494,0.92306,1050,26,,0.342,0.78
114,House,21171,14,11,PA,200,0,1,"BARLETTA, Lou",B001269,1956,,0.278,0.393,-122.93748,0.8901,1056,48,,0.306,0.421
114,House,21356,14,4,PA,200,0,1,"PERRY, Scott",P000605,1962,,0.663,-0.369,-139.82722,0.88244,1118,67,,0.681,-0.459
114,House,21357,14,12,PA,200,0,1,"ROTHFUS, Keith",R000598,1962,,0.496,0.052,-96.26424,0.91736,1116,44,,0.524,0.093
114,House,21358,14,17,PA,100,0,1,"CARTWRIGHT, Matt",C001090,1961,,-0.371,-0.048,-112.71183,0.90286,1103,42,,-0.395,-0.01
114,House,21547,14,6,PA,200,0,1,"COSTELLO, Ryan",C001106,1976,,0.217,-0.057,-208.58583,0.82897,1112,99,,0.21,-0.055
114,House,21548,14,13,PA,100,0,1,"BOYLE, Brendan Francis",B001296,1977,,-0.395,0.16,-131.81908,0.8851,1080,61,,-0.361,0.039
114,House,21566,14,2,PA,100,2,2,"EVANS, Dwight",E000296,1954,,-0.452,-0.057,-2.9472,0.90643,30,1,,-0.26,-0.13
114,House,29559,14,2,PA,100,1,1,"FATTAH, Chaka",F000043,1956,,-0.472,-0.054,-58.07576,0.919,687,22,,-0.436,-0.193
114,House,29561,14,14,PA,100,0,1,"DOYLE, Michael F.",D000482,1953,,-0.329,0.122,-138.13979,0.87962,1077,54,,-0.403,0.014
114,House,29752,14,16,PA,200,0,1,"PITTS, Joseph R.",P000373,1939,,0.538,0.012,-115.46484,0.9,1098,49,,0.492,0.093
114,House,29777,14,1,PA,100,0,1,"BRADY, Robert A.",B001227,1945,,-0.484,0.225,-89.66414,0.91962,1070,47,,-0.459,0.013
114,House,20136,5,2,RI,100,0,1,"LANGEVIN, James",L000559,1964,,-0.376,0.109,-121.21741,0.89672,1112,57,,-0.373,0.102
114,House,21172,5,1,RI,100,0,1,"CICILLINE, David N.",C001084,1961,,-0.39,-0.285,-70.70377,0.93824,1109,30,,-0.386,-0.276
114,House,20138,48,2,SC,200,0,1,"WILSON, Addison Graves (Joe)",W000795,1947,,0.545,0.1,-87.14274,0.92463,1112,33,,0.513,0.509
114,House,21174,48,3,SC,200,0,1,"DUNCAN, Jeff",D000615,1966,,0.741,-0.208,-126.50547,0.89004,1086,50,,0.683,-0.303
114,House,21175,48,4,SC,200,0,1,"GOWDY, Trey",G000566,1964,,0.656,-0.003,-70.93194,0.93597,1072,26,,0.641,0.134
114,House,21176,48,5,SC,200,0,1,"MULVANEY, Mick",M001182,1967,,0.75,-0.592,-143.49656,0.87654,1089,77,,0.739,-0.674
114,House,21359,48,7,SC,200,0,1,"RICE, Tom",R000597,1957,,0.576,-0.251,-164.49057,0.86284,1115,80,,0.563,-0.297
114,House,29565,48,1,SC,200,0,1,"SANFORD, Mark",S000051,1960,,0.685,-0.729,-271.83399,0.7814,1102,132,,0.919,-0.395
114,House,39301,48,6,SC,100,0,1,"CLYBURN, James Enos",C000537,1940,,-0.464,0.256,-92.43352,0.91739,1072,47,,-0.487,0.232
114,House,21177,37,1,SD,200,0,1,"NOEM, Kristi",N000184,1971,,0.398,0.326,-113.04422,0.90259,1103,58,,0.417,0.353
114,House,15019,54,5,TN,100,0,1,"COOPER, James Hayes Shofner",C000754,1954,,-0.161,-0.035,-362.16576,0.72118,1108,143,,-0.171,0.026
114,House,15455,54,2,TN,200,0,1,"DUNCAN, John J., Jr.",D000533,1947,,0.603,-0.474,-352.18289,0.72771,1108,131,,0.919,-0.395
114,House,20351,54,7,TN,200,0,1,"BLACKBURN, Marsha",B001243,1952,,0.615,0.127,-73.39199,0.93517,1095,23,,0.668,0.172
114,House,20748,54,9,TN,100,0,1,"COHEN, Stephen",C001068,1949,,-0.401,-0.356,-120.32333,0.89612,1097,49,,-0.343,-0.489
114,House,20947,54,1,TN,200,0,1,"ROE, David P. (Phil)",R000582,1945,,0.493,0.001,-81.04635,0.92412,1027,33,,0.578,0.056
114,House,21178,54,3,TN,200,0,1,"FLEISCHMANN, Chuck",F000459,1962,,0.471,0.312,-89.20627,0.92338,1119,42,,0.488,0.395
114,House,21179,54,4,TN,200,0,1,"DESJARLAIS, Scott",D000616,1964,,0.593,-0.112,-119.23294,0.89529,1078,52,,0.703,-0.336
114,House,21180,54,6,TN,200,0,1,"BLACK, Diane",B001273,1951,,0.58,0.218,-72.95641,0.93403,1069,22,,0.623,0.289
114,House,21181,54,8,TN,200,0,1,"FINCHER, Stephen Lee",F000458,1973,,0.526,0.181,-99.54881,0.889,845,43,,0.5,0.107
114,House,15085,49,6,TX,200,0,1,"BARTON, Joe Linus",B000213,1949,,0.528,0.046,-112.85254,0.90241,1099,49,,0.489,0.184
114,House,15445,49,21,TX,200,0,1,"SMITH, Lamar Seeligson",S000583,1947,,0.425,0.061,-109.8211,0.90564,1108,48,,0.57,0.244
114,House,20139,49,7,TX,200,0,1,"CULBERSON, John",C001048,1956,,0.503,0.366,-123.49805,0.89118,1072,55,,0.515,0.241
114,House,20352,49,5,TX,200,0,1,"HENSARLING, Jeb",H001036,1957,,0.704,0.041,-77.31332,0.93289,1113,29,,0.641,0.206
114,House,20353,49,19,TX,200,0,1,"NEUGEBAUER, Randy",N000182,1949,,0.628,0.322,-79.75961,0.931,1117,32,,0.665,0.158
114,House,20355,49,26,TX,200,0,1,"BURGESS, Michael C.",B001248,1950,,0.569,-0.219,-169.10171,0.85986,1120,86,,0.671,-0.452
114,House,20356,49,31,TX,200,0,1,"CARTER, John R.",C001051,1941,,0.466,0.602,-84.60808,0.92272,1052,50,,0.48,0.877
114,House,20527,49,1,TX,200,0,1,"GOHMERT, Louie",G000552,1953,,0.603,-0.28,-164.92408,0.85691,1068,67,,0.724,-0.438
114,House,20528,49,2,TX,200,0,1,"POE, Ted",P000592,1948,,0.594,-0.03,-154.04505,0.85118,956,72,,0.537,-0.192
114,House,20529,49,9,TX,100,0,1,"GREEN, Al",G000553,1947,,-0.438,0.32,-131.01633,0.88694,1092,63,,-0.469,0.33
114,House,20530,49,10,TX,200,0,1,"McCAUL, Michael T.",M001157,1962,,0.45,0.09,-105.35537,0.90929,1108,42,,0.505,0.318
114,House,20531,49,11,TX,200,0,1,"CONAWAY, K. Michael",C001062,1948,,0.59,0.363,-84.22208,0.92787,1125,33,,0.582,0.296
114,House,20532,49,24,TX,200,0,1,"MARCHANT, Kenny",M001158,1951,,0.601,0.167,-98.28476,0.91208,1068,45,,0.634,0.063
114,House,20533,49,28,TX,100,0,1,"CUELLAR, Henry",C001063,1955,,-0.226,0.625,-290.87539,0.76522,1087,123,,-0.24,0.765
114,House,20948,49,22,TX,200,0,1,"OLSON, Pete",O000168,1962,,0.54,0.308,-70.56034,0.9383,1108,21,,0.602,0.249
114,House,21182,49,17,TX,200,0,1,"FLORES, Bill",F000461,1954,,0.605,0.342,-75.7864,0.93406,1111,41,,0.61,0.29
114,House,21184,49,27,TX,200,0,1,"FARENTHOLD, Blake",F000460,1961,,0.548,0.016,-134.64619,0.88673,1120,64,,0.585,-0.133
114,House,21360,49,14,TX,200,0,1,"WEBER, Randy",W000814,1953,,0.697,0.056,-169.33451,0.85991,1122,74,,0.644,-0.153
114,House,21361,49,16,TX,100,0,1,"O'ROURKE, Beto",O000170,1972,,-0.305,-0.33,-127.67183,0.88723,1067,45,,-0.299,-0.285
114,House,21362,49,20,TX,100,0,1,"CASTRO, Joaquin",C001091,1974,,-0.395,-0.001,-85.61562,0.92141,1046,28,,-0.418,0.015
114,House,21364,49,25,TX,200,0,1,"WILLIAMS, Roger",W000816,1949,,0.605,0.12,-83.15263,0.92421,1055,35,,0.614,0.208
114,House,21365,49,33,TX,100,0,1,"VEASEY, Marc",V000131,1971,,-0.404,0.294,-146.737,0.87627,1111,78,,-0.391,0.264
114,House,21366,49,34,TX,100,0,1,"VELA, Filemon",V000132,1963,,-0.312,0.425,-229.39276,0.81223,1103,105,,-0.321,0.424
114,House,21549,49,4,TX,200,0,1,"RATCLIFFE, John",R000601,1965,,0.742,0.144,-84.34425,0.92764,1123,39,,0.737,0.082
114,House,21550,49,23,TX,200,0,1,"HURD, William Ballard",H001073,1977,,0.376,0.233,-105.86217,0.91004,1123,53,,0.414,0.213
114,House,21551,49,36,TX,200,0,1,"BABIN, Brian",B001291,1948,,0.697,0.115,-87.50153,0.9242,1110,44,,0.713,0.064
114,House,29143,49,3,TX,200,0,1,"JOHNSON, Sam",J000174,1930,,0.61,0.279,-73.4453,0.93085,1025,30,,0.658,0.125
114,House,29571,49,35,TX,100,0,1,"DOGGETT, Lloyd Alton, II",D000399,1946,,-0.402,-0.308,-129.53771,0.89013,1113,48,,-0.401,-0.215
114,House,29572,49,13,TX,200,0,1,"THORNBERRY, William McClellan (Mac)",T000238,1958,,0.527,0.313,-95.03641,0.91844,1117,42,,0.442,0.807
114,House,29573,49,18,TX,100,0,1,"JACKSON LEE, Sheila",J000032,1950,,-0.459,0.134,-121.51662,0.88547,999,47,,-0.484,0.214
114,House,29759,49,32,TX,200,0,1,"SESSIONS, Pete",S000250,1955,,0.585,0.173,-74.59737,0.93472,1105,26,,0.6,0.384
114,House,29760,49,8,TX,200,0,1,"BRADY, Kevin Patrick",B000755,1955,,0.518,0.218,-70.35123,0.93688,1079,27,,0.518,0.51
114,House,29762,49,12,TX,200,0,1,"GRANGER, Kay",G000377,1943,,0.392,0.233,-95.52933,0.91327,1053,42,,0.393,0.82
114,House,29763,49,15,TX,100,0,1,"HINOJOSA, Rubén",H000636,1940,,-0.34,0.235,-128.93825,0.863,873,51,,-0.397,0.189
114,House,39304,49,29,TX,100,0,1,"GREEN, Raymond Eugene (Gene)",G000410,1947,,-0.324,0.453,-275.64779,0.77437,1078,121,,-0.353,0.465
114,House,39305,49,30,TX,100,0,1,"JOHNSON, Eddie Bernice",J000126,1935,,-0.486,0.206,-126.25865,0.88578,1041,57,,-0.529,0.245
114,House,20357,67,1,UT,200,0,1,"BISHOP, Robert (Rob)",B001250,1951,,0.531,0.114,-119.737,0.89432,1072,39,,0.529,0.107
114,House,20949,67,3,UT,200,0,1,"CHAFFETZ, Jason",C001076,1967,,0.647,-0.278,-149.04672,0.87098,1079,71,,0.567,-0.194
114,House,21367,67,2,UT,200,0,1,"STEWART, Chris",S001192,1960,,0.519,0.12,-107.31274,0.90665,1095,38,,0.548,0.112
114,House,21552,67,4,UT,200,0,1,"LOVE, Ludmya Bourdeau (Mia)",L000584,1975,,0.543,-0.058,-106.16307,0.90863,1108,45,,0.582,-0.058
114,House,20750,6,1,VT,100,0,1,"WELCH, Peter",W000800,1947,,-0.408,-0.349,-122.61476,0.89406,1095,53,,-0.405,-0.506
114,House,20143,40,4,VA,200,0,1,"FORBES, J. Randy",F000445,1952,,0.407,0.218,-99.8446,0.909,1041,48,,0.506,0.19
114,House,20756,40,1,VA,200,0,1,"WITTMAN, Robert J.",W000804,1959,,0.426,-0.038,-149.91876,0.87461,1119,64,,0.555,-0.018
114,House,20952,40,11,VA,100,0,1,"CONNOLLY, Gerald E. (Gerry)",C001078,1950,,-0.308,-0.013,-121.54616,0.89698,1118,58,,-0.308,-0.074
114,House,21185,40,2,VA,200,0,1,"RIGELL, E. Scott",R000589,1960,,0.405,-0.084,-184.52576,0.848,1116,81,,0.336,0.041
114,House,21186,40,5,VA,200,0,1,"HURT, Robert",H001060,1969,,0.568,0.0,-107.94951,0.905,1085,39,,0.57,-0.113
114,House,21191,40,9,VA,200,0,1,"GRIFFITH, H. Morgan",G000568,1958,,0.546,-0.458,-243.86907,0.80323,1113,114,,0.565,-0.516
114,House,21553,40,7,VA,200,0,1,"BRAT, David A.",B001290,1964,,0.824,-0.309,-115.61127,0.89866,1082,36,,0.846,-0.302
114,House,21554,40,8,VA,100,0,1,"BEYER, Donald Sternoff Jr.",B001292,1950,,-0.393,-0.025,-113.11799,0.90117,1087,46,,-0.363,-0.147
114,House,21555,40,10,VA,200,0,1,"COMSTOCK, Barbara J.",C001105,1959,,0.277,0.387,-110.52,0.90531,1111,37,,0.269,0.542
114,House,39307,40,3,VA,100,0,1,"SCOTT, Robert C.",S000185,1947,,-0.451,0.01,-87.89778,0.9242,1115,23,,-0.456,-0.004
114,House,39308,40,6,VA,200,0,1,"GOODLATTE, Robert William",G000289,1952,,0.496,-0.003,-102.4726,0.91204,1113,37,,0.565,0.139
114,House,15613,73,7,WA,100,0,1,"McDERMOTT, James A.",M000404,1936,,-0.666,-0.197,-108.50771,0.905,1083,51,,-0.492,-0.559
114,House,20145,73,2,WA,100,0,1,"LARSEN, Richard Ray (Rick)",L000560,1965,,-0.364,0.192,-138.88442,0.88308,1117,60,,-0.346,0.048
114,House,20535,73,5,WA,200,0,1,"McMORRIS RODGERS, Cathy",M001159,1969,,0.43,0.146,-94.582,0.91881,1117,34,,0.434,0.254
114,House,20536,73,8,WA,200,0,1,"REICHERT, David G.",R000578,1950,,0.224,-0.147,-246.22924,0.79763,1089,110,,0.225,-0.045
114,House,21187,73,3,WA,200,0,1,"HERRERA BEUTLER, Jaime",H001056,1978,,0.38,-0.21,-169.19771,0.82508,880,84,,0.383,-0.238
114,House,21368,73,6,WA,100,0,1,"KILMER, Derek",K000381,1974,,-0.307,-0.031,-106.4314,0.90966,1124,56,,-0.298,-0.094
114,House,21369,73,10,WA,100,0,1,"HECK, Denny",H001064,1952,,-0.313,-0.12,-101.26805,0.91362,1121,38,,-0.325,-0.041
114,House,21556,73,4,WA,200,0,1,"NEWHOUSE, Daniel Milton",N000189,1955,,0.363,0.211,-125.8868,0.89369,1120,58,,0.369,0.192
114,House,29768,73,9,WA,100,0,1,"SMITH, Adam",S000510,1965,,-0.284,-0.156,-121.52403,0.87434,905,44,,-0.467,0.095
114,House,31101,73,1,WA,100,0,1,"DelBENE, Suzan K.",D000617,1962,,-0.279,-0.231,-104.93926,0.91071,1122,43,,-0.309,-0.187
114,House,21188,56,1,WV,200,0,1,"McKINLEY, David",M001180,1947,,0.288,0.154,-189.33669,0.84408,1117,88,,0.331,0.095
114,House,21557,56,2,WV,200,0,1,"MOONEY, Alex X.",M001195,1971,,0.58,-0.297,-158.65065,0.86737,1115,68,,0.563,-0.224
114,House,21558,56,3,WV,200,0,1,"JENKINS, Evan H.",J000297,1960,,0.315,0.308,-116.70115,0.90037,1112,65,,0.307,0.286
114,House,14657,25,5,WI,200,0,1,"SENSENBRENNER, Frank James, Jr.",S000244,1943,,0.647,-0.617,-191.65646,0.84336,1125,87,,0.667,-0.538
114,House,20537,25,4,WI,100,0,1,"MOORE, Gwendolynne S. (Gwen)",M001160,1951,,-0.531,-0.244,-84.72796,0.92219,1046,38,,-0.475,-0.285
114,House,21189,25,7,WI,200,0,1,"DUFFY, Sean",D000614,1971,,0.507,-0.13,-127.60805,0.88768,1071,51,,0.524,-0.116
114,House,21190,25,8,WI,200,0,1,"RIBBLE, Reid",R000587,1956,,0.603,-0.333,-208.95525,0.827,1099,84,,0.539,-0.341
114,House,21370,25,2,WI,100,0,1,"POCAN, Mark",P000607,1964,,-0.548,-0.503,-52.49803,0.95331,1098,27,,-0.547,-0.419
114,House,21559,25,6,WI,200,0,1,"GROTHMAN, Glenn",G000576,1955,,0.61,-0.262,-156.66449,0.86859,1112,69,,0.591,-0.236
114,House,29769,25,3,WI,100,0,1,"KIND, Ron",K000188,1963,,-0.263,-0.088,-199.765,0.8297,1070,93,,-0.251,-0.079
114,House,29939,25,1,WI,200,0,1,"RYAN, Paul D.",R000570,1970,,0.556,-0.25,-62.72172,0.88512,514,21,,0.485,0.163
114,House,20953,68,1,WY,200,0,1,"LUMMIS, Cynthia M.",L000571,1954,,0.675,-0.357,-159.92233,0.865,1107,73,,0.717,-0.496
114,Senate,49700,41,0,AL,200,0,1,"SESSIONS, Jefferson Beauregard III (Jeff)",S001141,1946,,0.549,0.13,-109.63029,0.76537,410,46,,0.635,0.2
114,Senate,94659,41,0,AL,200,0,1,"SHELBY, Richard C.",S000320,1934,,0.431,0.535,-102.52386,0.77538,403,43,,0.587,0.561
114,Senate,40300,81,0,AK,200,0,1,"MURKOWSKI, Lisa",M001153,1957,,0.207,-0.288,-134.69224,0.72171,413,65,,0.299,-0.253
114,Senate,41500,81,0,AK,200,0,1,"SULLIVAN, Daniel Scott",S001198,1964,,0.465,0.085,-101.34444,0.78194,412,34,,0.46,0.144
114,Senate,15039,61,0,AZ,200,0,1,"McCAIN, John Sidney, III",M000303,1936,2018.0,0.381,-0.626,-118.10444,0.74972,410,59,,0.464,-0.312
114,Senate,20100,61,0,AZ,200,0,1,"FLAKE, Jeff",F000444,1962,,0.855,-0.518,-151.07924,0.6899,407,70,,0.686,-0.728
114,Senate,20101,42,0,AR,200,0,1,"BOOZMAN, John",B001236,1950,,0.401,0.248,-69.99889,0.84581,418,21,,0.469,0.309
114,Senate,21301,42,0,AR,200,0,1,"COTTON, Tom",C001095,1977,,0.61,0.144,-64.43943,0.85456,410,27,,0.611,0.091
114,Senate,15011,71,0,CA,100,0,1,"BOXER, Barbara",B000711,1940,,-0.45,-0.423,-46.4471,0.881,368,22,,-0.485,-0.466
114,Senate,49300,71,0,CA,100,0,1,"FEINSTEIN, Dianne",F000062,1933,,-0.27,-0.214,-56.00197,0.87145,407,31,,-0.244,-0.171
114,Senate,21112,62,0,CO,200,0,1,"GARDNER, Cory",G000562,1974,,0.454,-0.013,-110.64744,0.76547,414,46,,0.405,-0.059
114,Senate,40910,62,0,CO,100,0,1,"BENNET, Michael F.",B001267,1964,,-0.207,-0.123,-73.77314,0.83891,420,35,,-0.175,-0.137
114,Senate,20707,1,0,CT,100,0,1,"MURPHY, Christopher",M001169,1973,,-0.306,-0.174,-46.4888,0.89474,418,13,,-0.376,-0.15
114,Senate,41101,1,0,CT,100,0,1,"BLUMENTHAL, Richard",B001277,1946,,-0.423,-0.094,-47.1294,0.89337,418,15,,-0.337,-0.162
114,Senate,15015,11,0,DE,100,0,1,"CARPER, Thomas Richard",C000174,1947,,-0.174,-0.219,-90.78864,0.80093,409,37,,-0.187,-0.192
114,Senate,40916,11,0,DE,100,0,1,"COONS, Christopher A.",C001088,1963,,-0.242,-0.207,-48.07724,0.88754,403,21,,-0.293,-0.442
114,Senate,14651,43,0,FL,100,0,1,"NELSON, Clarence William (Bill)",N000032,1942,,-0.193,0.339,-95.85924,0.78404,394,40,,-0.299,0.102
114,Senate,41102,43,0,FL,200,0,1,"RUBIO, Marco",R000595,1971,,0.576,-0.3,-86.07325,0.74913,298,31,,0.617,-0.209
114,Senate,29909,44,0,GA,200,0,1,"ISAKSON, Johnny",I000055,1944,,0.403,-0.013,-75.40395,0.83494,418,27,,0.416,0.071
114,Senate,41501,44,0,GA,200,0,1,"PERDUE, David Alfred, Jr.",P000612,1949,,0.611,-0.188,-96.8829,0.79179,415,46,,0.68,-0.379
114,Senate,20713,82,0,HI,100,0,1,"HIRONO, Mazie",H001042,1947,,-0.485,-0.092,-36.61029,0.91633,419,11,,-0.453,-0.308
114,Senate,41112,82,0,HI,100,0,1,"SCHATZ, Brian Emanuel",S001194,1972,,-0.414,-0.072,-43.36295,0.90124,417,15,,-0.424,-0.098
114,Senate,29345,63,0,ID,200,0,1,"CRAPO, Michael Dean",C000880,1951,,0.509,0.282,-77.34616,0.82884,412,37,,0.57,0.715
114,Senate,40902,63,0,ID,200,0,1,"RISCH, James",R000584,1943,,0.636,0.57,-62.30811,0.86182,419,30,,0.589,0.709
114,Senate,15021,21,0,IL,100,0,1,"DURBIN, Richard Joseph",D000563,1944,,-0.363,-0.364,-38.7018,0.91013,411,16,,-0.416,-0.306
114,Senate,20115,21,0,IL,200,0,1,"KIRK, Mark Steven",K000360,1959,,0.274,-0.647,-139.86855,0.706,402,65,,0.268,-0.606
114,Senate,14806,22,0,IN,200,0,1,"COATS, Daniel Ray",C000542,1943,,0.375,-0.227,-111.40278,0.763,411,44,,0.537,-0.275
114,Senate,20717,22,0,IN,100,0,1,"DONNELLY, Joe",D000607,1955,,-0.119,0.435,-114.02368,0.76026,416,47,,-0.11,0.41
114,Senate,14226,31,0,IA,200,0,1,"GRASSLEY, Charles Ernest",G000386,1933,,0.343,-0.07,-113.01083,0.76409,420,48,,0.461,0.058
114,Senate,41502,31,0,IA,200,0,1,"ERNST, Joni",E000295,1970,,0.517,0.015,-64.07438,0.85851,420,25,,0.505,0.042
114,Senate,14852,32,0,KS,200,0,1,"ROBERTS, Charles Patrick (Pat)",R000307,1936,,0.414,-0.094,-70.13012,0.84417,414,29,,0.434,0.253
114,Senate,29722,32,0,KS,200,0,1,"MORAN, Jerry",M000934,1954,,0.414,0.252,-105.37627,0.77287,409,53,,0.452,0.548
114,Senate,14921,51,0,KY,200,0,1,"McCONNELL, Addison Mitchell (Mitch)",M000355,1942,,0.403,0.0,-155.71366,0.69022,420,60,,0.355,0.001
114,Senate,41104,51,0,KY,200,0,1,"PAUL, Rand",P000603,1963,,0.879,-0.478,-220.08964,0.57761,401,98,,0.83,-0.558
114,Senate,20919,45,0,LA,200,0,1,"CASSIDY, Bill",C001075,1957,,0.452,-0.102,-81.44758,0.82219,416,36,,0.434,0.125
114,Senate,29918,45,0,LA,200,0,1,"VITTER, David",V000127,1961,,0.495,0.323,-65.55047,0.838,370,32,,0.479,0.494
114,Senate,41300,2,0,ME,328,0,1,"KING, Angus Stanley, Jr.",K000383,1944,,-0.152,-0.227,-99.94077,0.78507,413,56,,-0.164,-0.221
114,Senate,49703,2,0,ME,200,0,1,"COLLINS, Susan Margaret",C001035,1952,,0.11,-0.555,-154.36882,0.69243,420,86,,0.157,-0.374
114,Senate,14440,52,0,MD,100,0,1,"MIKULSKI, Barbara Ann",M000702,1936,,-0.37,-0.128,-40.75285,0.903,399,20,,-0.427,0.135
114,Senate,15408,52,0,MD,100,0,1,"CARDIN, Benjamin Louis",C000141,1943,,-0.327,-0.252,-46.96282,0.89421,420,15,,-0.366,-0.43
114,Senate,14435,3,0,MA,100,0,1,"MARKEY, Edward John",M000133,1946,,-0.504,-0.435,-50.94898,0.88421,414,23,,-0.635,-0.544
114,Senate,41301,3,0,MA,100,0,1,"WARREN, Elizabeth",W000817,1949,,-0.758,-0.263,-39.30053,0.91067,420,14,,-0.702,-0.461
114,Senate,20923,23,0,MI,100,0,1,"PETERS, Gary C.",P000595,1958,,-0.237,-0.212,-48.74795,0.88917,415,19,,-0.319,-0.088
114,Senate,29732,23,0,MI,100,0,1,"STABENOW, Deborah Ann",S000770,1950,,-0.331,0.029,-47.59733,0.89164,415,18,,-0.309,-0.098
114,Senate,40700,33,0,MN,100,0,1,"KLOBUCHAR, Amy",K000367,1960,,-0.247,-0.166,-53.44614,0.87889,414,19,,-0.258,-0.026
114,Senate,40904,33,0,MN,100,0,1,"FRANKEN, Al",F000457,1951,,-0.4,-0.169,-43.07261,0.89958,407,22,,-0.497,-0.036
114,Senate,14009,46,0,MS,200,0,1,"COCHRAN, William Thad",C000567,1937,,0.287,0.051,-73.85107,0.83734,416,24,,0.329,0.102
114,Senate,29534,46,0,MS,200,0,1,"WICKER, Roger F.",W000437,1951,,0.377,0.361,-61.83208,0.86158,415,22,,0.406,0.184
114,Senate,29735,34,0,MO,200,0,1,"BLUNT, Roy",B000575,1950,,0.43,0.288,-83.07985,0.81577,408,35,,0.364,0.701
114,Senate,40701,34,0,MO,100,0,1,"McCASKILL, Claire",M001170,1953,,-0.142,0.022,-93.97945,0.79245,404,35,,-0.127,-0.113
114,Senate,21338,64,0,MT,200,0,1,"DAINES, Steve",D000618,1962,,0.544,-0.089,-102.64451,0.78318,420,43,,0.567,0.016
114,Senate,40702,64,0,MT,100,0,1,"TESTER, Jon",T000464,1956,,-0.21,0.142,-105.2123,0.77841,420,42,,-0.197,0.067
114,Senate,41302,35,0,NE,200,0,1,"FISCHER, Debra (Deb)",F000463,1951,,0.467,0.308,-64.68706,0.85726,420,23,,0.489,0.265
114,Senate,41503,35,0,NE,200,0,1,"SASSE, Benjamin Eric",S001197,1972,,0.811,-0.277,-94.72595,0.79723,418,48,,0.827,-0.38
114,Senate,15054,65,0,NV,100,0,1,"REID, Harry",R000146,1939,,-0.276,0.258,-68.81173,0.828,364,35,,-0.502,-0.121
114,Senate,20730,65,0,NV,200,0,1,"HELLER, Dean",H001041,1960,,0.464,-0.462,-176.84802,0.64827,408,84,,0.546,-0.731
114,Senate,40906,4,0,NH,100,0,1,"SHAHEEN, Jeanne",S001181,1947,,-0.251,-0.219,-48.16597,0.89165,420,24,,-0.266,-0.254
114,Senate,41106,4,0,NH,200,0,1,"AYOTTE, Kelly",A000368,1968,,0.351,-0.612,-126.06028,0.739,416,57,,0.276,-0.512
114,Senate,29373,12,0,NJ,100,0,1,"MENENDEZ, Robert",M000639,1954,,-0.364,-0.118,-73.70463,0.83728,415,30,,-0.36,-0.346
114,Senate,41308,12,0,NJ,100,0,1,"BOOKER, Cory Anthony",B001288,1969,,-0.612,-0.166,-41.4768,0.90511,416,17,,-0.516,-0.43
114,Senate,20930,66,0,NM,100,0,1,"HEINRICH, Martin",H001046,1971,,-0.303,-0.023,-48.51296,0.89042,418,21,,-0.321,-0.087
114,Senate,29924,66,0,NM,100,0,1,"UDALL, Thomas (Tom)",U000039,1948,,-0.453,0.18,-48.67064,0.89009,418,22,,-0.395,-0.099
114,Senate,14858,13,0,NY,100,0,1,"SCHUMER, Charles Ellis (Chuck)",S000148,1950,,-0.351,-0.39,-43.91429,0.9005,419,15,,-0.369,-0.489
114,Senate,20735,13,0,NY,100,0,1,"GILLIBRAND, Kirsten",G000555,1966,,-0.412,-0.229,-50.85986,0.88569,419,17,,-0.544,-0.291
114,Senate,29548,47,0,NC,200,0,1,"BURR, Richard M.",B001135,1955,,0.453,-0.057,-92.36566,0.80132,417,38,,0.381,0.067
114,Senate,41504,47,0,NC,200,0,1,"TILLIS, Thomas Roland (Thom)",T000476,1960,,0.426,-0.006,-76.59922,0.83256,418,37,,0.443,-0.064
114,Senate,41107,36,0,ND,200,0,1,"HOEVEN, John",H001061,1957,,0.34,0.328,-66.0864,0.85344,417,27,,0.375,0.297
114,Senate,41303,36,0,ND,100,0,1,"HEITKAMP, Mary Kathryn (Heidi)",H001069,1955,,-0.121,0.399,-109.08786,0.77078,419,42,,-0.119,0.448
114,Senate,29386,24,0,OH,200,0,1,"PORTMAN, Robert Jones (Rob)",P000449,1955,,0.374,-0.251,-137.28606,0.71891,416,63,,0.325,-0.163
114,Senate,29389,24,0,OH,100,0,1,"BROWN, Sherrod",B000944,1952,,-0.438,-0.136,-40.13285,0.90654,409,19,,-0.589,-0.07
114,Senate,15424,53,0,OK,200,0,1,"INHOFE, James Mountain",I000024,1934,,0.552,0.041,-61.60029,0.8605,410,27,,0.521,0.253
114,Senate,21166,53,0,OK,200,0,1,"LANKFORD, James",L000575,1968,,0.575,0.164,-107.62308,0.77348,419,46,,0.624,-0.036
114,Senate,14871,72,0,OR,100,0,1,"WYDEN, Ronald Lee",W000779,1949,,-0.321,-0.433,-70.7604,0.84324,415,33,,-0.39,-0.878
114,Senate,40908,72,0,OR,100,0,1,"MERKLEY, Jeff",M001176,1956,,-0.48,-0.801,-42.28383,0.90335,416,21,,-0.607,-0.729
114,Senate,29935,14,0,PA,200,0,1,"TOOMEY, Patrick Joseph",T000461,1961,,0.638,-0.299,-82.73116,0.81316,400,33,,0.596,-0.311
114,Senate,40703,14,0,PA,100,0,1,"CASEY, Robert (Bob), Jr.",C001070,1960,,-0.304,0.187,-80.63138,0.82342,415,31,,-0.295,0.3
114,Senate,29142,5,0,RI,100,0,1,"REED, John F. (Jack)",R000122,1949,,-0.38,-0.225,-39.39293,0.91047,420,13,,-0.437,-0.129
114,Senate,40704,5,0,RI,100,0,1,"WHITEHOUSE, Sheldon",W000802,1955,,-0.397,-0.193,-46.30911,0.89537,419,23,,-0.42,0.023
114,Senate,21173,48,0,SC,200,0,1,"SCOTT, Tim",S001184,1965,,0.653,-0.009,-76.21209,0.83075,411,38,,0.634,0.028
114,Senate,29566,48,0,SC,200,0,1,"GRAHAM, Lindsey O.",G000359,1955,,0.407,-0.173,-85.16819,0.76696,321,39,,0.321,-0.208
114,Senate,29754,37,0,SD,200,0,1,"THUNE, John",T000250,1961,,0.41,0.129,-69.6446,0.84686,419,36,,0.429,0.079
114,Senate,41505,37,0,SD,200,0,1,"ROUNDS, Marion Michael (Mike)",R000605,1954,,0.389,0.016,-66.5823,0.8521,416,17,,0.386,0.004
114,Senate,40304,54,0,TN,200,0,1,"ALEXANDER, Lamar",A000360,1940,,0.323,-0.183,-104.88894,0.77524,412,39,,0.307,-0.185
114,Senate,40705,54,0,TN,200,0,1,"CORKER, Robert (Bob)",C001071,1952,,0.395,-0.345,-121.12209,0.74422,410,50,,0.513,-0.483
114,Senate,40305,49,0,TX,200,0,1,"CORNYN, John",C001056,1952,,0.495,-0.013,-70.01975,0.84405,413,30,,0.463,-0.073
114,Senate,41304,49,0,TX,200,0,1,"CRUZ, Rafael Edward (Ted)",C001098,1970,,0.818,-0.323,-111.03036,0.69404,304,49,,0.876,-0.483
114,Senate,14503,67,0,UT,200,0,1,"HATCH, Orrin Grant",H000338,1934,,0.382,-0.004,-77.96035,0.82911,416,28,,0.381,-0.041
114,Senate,41110,67,0,UT,200,0,1,"LEE, Mike",L000577,1971,,0.922,-0.387,-148.33022,0.68229,388,71,,0.919,-0.395
114,Senate,14307,6,0,VT,100,0,1,"LEAHY, Patrick Joseph",L000174,1940,,-0.37,-0.136,-46.51933,0.89372,414,21,,-0.525,-0.142
114,Senate,29147,6,0,VT,328,0,1,"SANDERS, Bernard",S000033,1941,,-0.521,-0.361,-69.54266,0.8019,315,30,,-0.861,-0.508
114,Senate,40909,40,0,VA,100,0,1,"WARNER, Mark",W000805,1954,,-0.194,-0.028,-74.97972,0.82345,386,33,,-0.17,-0.125
114,Senate,41305,40,0,VA,100,0,1,"KAINE, Timothy Michael (Tim)",K000384,1958,,-0.234,-0.105,-70.49488,0.84203,410,37,,-0.208,-0.214
114,Senate,39310,73,0,WA,100,0,1,"CANTWELL, Maria E.",C000127,1958,,-0.292,-0.4,-45.83535,0.89661,420,21,,-0.287,-0.61
114,Senate,49308,73,0,WA,100,0,1,"MURRAY, Patty",M001111,1950,,-0.343,-0.289,-47.70926,0.89115,414,27,,-0.295,-0.552
114,Senate,20146,56,0,WV,200,0,1,"CAPITO, Shelley Moore",C001047,1953,,0.26,0.05,-87.19784,0.81171,418,32,,0.308,0.126
114,Senate,40915,56,0,WV,100,0,1,"MANCHIN, Joe, III",M001183,1947,,-0.057,0.468,-162.98778,0.67392,413,67,,-0.085,0.634
114,Senate,29940,25,0,WI,100,0,1,"BALDWIN, Tammy",B001230,1962,,-0.522,-0.227,-49.24395,0.88937,420,24,,-0.461,-0.032
114,Senate,41111,25,0,WI,200,0,1,"JOHNSON, Ron",J000293,1955,,0.602,-0.311,-78.84619,0.82544,411,34,,0.487,-0.256
114,Senate,40707,68,0,WY,200,0,1,"BARRASSO, John A.",B001261,1952,,0.533,0.231,-75.32334,0.83546,419,27,,0.477,0.198
114,Senate,49706,68,0,WY,200,0,1,"ENZI, Michael B.",E000285,1944,,0.54,0.182,-87.74509,0.80434,403,36,,0.5,0.117
